"long","lat","seal","date","local","lq"
158.9466667,-54.49333333,"b284","21-Jan-99","13:43:51","A"
155.2533333,-54.42833333,"b284","21-Jan-99","15:18:53","B"
155.84,-56.30833333,"b284","23-Jan-99","16:45:51","B"
159.385,-56.10166667,"b284","23-Jan-99","13:03:35","B"
159.965,-58.35333333,"b284","25-Jan-99","16:19:17","B"
158.8916667,-57.99,"b284","25-Jan-99","4:45:15","B"
158.0333333,-59.18333333,"b284","26-Jan-99","16:10:53","B"
165.23,-55.86666667,"b284","26-Jan-99","4:38:48","B"
160.5283333,-60.455,"b284","27-Jan-99","14:14:22","B"
159.2683333,-60.06833333,"b284","27-Jan-99","6:03:22","A"
159.2683333,-60.06833333,"b284","27-Jan-99","6:03:22","A"
159.7216667,-61.52333333,"b284","28-Jan-99","15:49:12","B"
159.735,-60.97166667,"b284","28-Jan-99","4:10:55","B"
160.3433333,-62.35666667,"b284","29-Jan-99","13:54:32","B"
160.0433333,-62.53166667,"b284","29-Jan-99","17:26:55","B"
160.0316667,-63.04166667,"b284","30-Jan-99","18:41:50","A"
159.53,-63.73166667,"b284","31-Jan-99","15:16:10","B"
162.5983333,-64.39333333,"b284","1-Feb-99","16:43:55","A"
162.0383333,-65.11833333,"b284","1-Feb-99","18:03:14","B"
161.3416667,-64.75166667,"b284","1-Feb-99","13:07:29","B"
162.6666667,-65.79666667,"b284","2-Feb-99","14:18:01","B"
162.915,-64.97333333,"b284","2-Feb-99","3:16:35","B"
162.3633333,-65.25,"b284","2-Feb-99","4:55:46","A"
161.7116667,-65.35666667,"b284","2-Feb-99","6:37:46","B"
161.08,-66.91666667,"b284","3-Feb-99","16:26:24","B"
163.1483333,-66.35666667,"b284","3-Feb-99","3:00:07","A"
161.985,-66.32333333,"b284","3-Feb-99","6:26:08","B"
164.0666667,-66.70333333,"b284","4-Feb-99","13:33:33","B"
162.89,-67.03166667,"b284","4-Feb-99","4:25:29","B"
163.63,-66.89666667,"b284","4-Feb-99","6:11:24","B"
164.1416667,-68.06666667,"b284","5-Feb-99","13:16:34","B"
164.3216667,-67.98833333,"b284","5-Feb-99","18:12:00","1"
163.9316667,-67.73333333,"b284","5-Feb-99","2:36:56","B"
164.6633333,-67.50333333,"b284","5-Feb-99","4:21:46","A"
164.8333333,-67.52166667,"b284","5-Feb-99","5:59:54","B"
157.9566667,-66.75666667,"b284","6-Feb-99","2:29:41","B"
167.4416667,-70.15666667,"b284","8-Feb-99","13:50:55","B"
167.3633333,-69.61333333,"b284","8-Feb-99","17:09:14","B"
166.9166667,-69.16666667,"b284","8-Feb-99","2:03:06","0"
166.86,-69.17833333,"b284","8-Feb-99","3:44:30","1"
166.8316667,-70.29666667,"b284","9-Feb-99","1:48:13","B"
170.0366667,-70.82166667,"b284","10-Feb-99","14:43:00","A"
171.52,-71.10333333,"b284","10-Feb-99","16:41:21","B"
170.1983333,-70.96333333,"b284","10-Feb-99","18:02:49","A"
170.7016667,-70.57666667,"b284","10-Feb-99","3:25:06","B"
170.8983333,-68.44666667,"b284","10-Feb-99","6:38:56","B"
169.8216667,-70.57833333,"b284","11-Feb-99","13:06:56","B"
166.7666667,-69.31833333,"b284","11-Feb-99","14:15:51","B"
167.4066667,-71.40666667,"b284","11-Feb-99","14:57:53","B"
170.5966667,-71.265,"b284","11-Feb-99","16:01:32","B"
169.3766667,-71.365,"b284","11-Feb-99","16:39:12","B"
168.9833333,-70.74333333,"b284","11-Feb-99","17:39:17","B"
170.825,-71.12,"b284","11-Feb-99","1:29:12","B"
170.7866667,-71.33833333,"b284","11-Feb-99","3:11:04","A"
171.4366667,-71.55,"b284","12-Feb-99","4:40:45","B"
164.0683333,-70.435,"b284","12-Feb-99","12:56:42","B"
169.2016667,-71.435,"b284","13-Feb-99","12:48:18","B"
171.9316667,-72.15333333,"b284","13-Feb-99","14:31:33","B"
172.3816667,-72.34666667,"b284","13-Feb-99","15:18:02","A"
172.2716667,-72.30166667,"b284","13-Feb-99","18:36:12","1"
172.4716667,-72.34833333,"b284","14-Feb-99","13:16:00","A"
168.7916667,-70.79166667,"b284","14-Feb-99","14:15:13","B"
171.6483333,-72.4,"b284","14-Feb-99","16:00:51","B"
172.265,-72.43,"b284","14-Feb-99","16:36:26","A"
170.0783333,-72.15666667,"b284","14-Feb-99","17:45:55","A"
175.4466667,-72.86166667,"b284","14-Feb-99","18:17:39","B"
173.04,-72.315,"b284","14-Feb-99","4:18:31","B"
172.8283333,-72.61166667,"b284","15-Feb-99","12:52:37","A"
172.8983333,-72.79333333,"b284","15-Feb-99","14:33:33","B"
172.3316667,-72.52166667,"b284","15-Feb-99","4:08:02","A"
168.3383333,-73.24666667,"b284","15-Feb-99","5:52:46","B"
172.2883333,-72.87166667,"b284","16-Feb-99","13:58:38","B"
172.825,-72.90666667,"b284","16-Feb-99","15:39:22","A"
174.3966667,-72.72833333,"b284","16-Feb-99","3:58:09","A"
174.1466667,-72.70833333,"b284","16-Feb-99","5:36:06","A"
173.2966667,-73.11166667,"b284","17-Feb-99","13:49:42","A"
174.29,-73.315,"b284","17-Feb-99","17:09:30","B"
169.61,-73.41833333,"b284","17-Feb-99","5:23:05","B"
173.5633333,-72.93166667,"b284","18-Feb-99","15:05:06","B"
174.0733333,-73.145,"b284","19-Feb-99","16:23:22","1"
175.0633333,-73.25166667,"b284","19-Feb-99","18:02:46","B"
172.7533333,-73.20333333,"b284","19-Feb-99","5:00:49","B"
175.0633333,-73.13166667,"b284","20-Feb-99","14:51:45","A"
173.2583333,-73.11166667,"b284","20-Feb-99","4:47:48","B"
173.455,-73.29666667,"b284","22-Feb-99","16:10:18","0"
164.3166667,-72.74166667,"b284","22-Feb-99","18:42:20","B"
173.1116667,-73.4,"b284","23-Feb-99","14:22:26","0"
173.0733333,-73.40666667,"b284","23-Feb-99","15:00:38","0"
173.38,-73.46333333,"b284","23-Feb-99","16:38:09","B"
176.2716667,-72.91833333,"b284","23-Feb-99","2:40:41","B"
174.7516667,-73.15833333,"b284","23-Feb-99","5:56:46","B"
172.4566667,-73.37666667,"b284","24-Feb-99","2:22:00","B"
172.9383333,-73.53666667,"b284","24-Feb-99","4:31:43","B"
173.3616667,-73.61833333,"b284","25-Feb-99","13:57:28","B"
172.6933333,-73.57833333,"b284","25-Feb-99","17:22:03","B"
173.5116667,-73.60333333,"b284","26-Feb-99","13:43:36","B"
172.7933333,-73.75,"b284","26-Feb-99","17:12:20","B"
167.825,-74.72333333,"b284","27-Feb-99","13:34:35","B"
174.0766667,-73.53666667,"b284","27-Feb-99","16:55:20","B"
173.9183333,-73.24666667,"b284","28-Feb-99","16:45:57","A"
173.4383333,-73.39,"b284","1-Mar-99","16:35:29","B"
172.1183333,-73.64166667,"b284","1-Mar-99","4:53:55","A"
173.3716667,-73.54833333,"b284","2-Mar-99","14:41:07","A"
173.2716667,-73.64333333,"b284","2-Mar-99","15:42:51","B"
176.1533333,-72.51,"b284","2-Mar-99","4:43:44","B"
175.6,-74.15666667,"b284","3-Mar-99","14:26:59","A"
172.7083333,-73.54166667,"b284","3-Mar-99","15:20:22","A"
173.0183333,-73.51,"b284","3-Mar-99","16:11:58","B"
174.265,-73.58,"b284","3-Mar-99","16:56:30","B"
172.9183333,-73.62666667,"b284","3-Mar-99","5:18:21","B"
173.4283333,-73.48833333,"b284","4-Mar-99","16:43:41","B"
173.5033333,-73.53833333,"b284","5-Mar-99","12:57:07","B"
173.2916667,-73.49666667,"b284","5-Mar-99","14:09:04","A"
173.2933333,-73.61666667,"b284","5-Mar-99","4:05:08","A"
173.325,-73.43833333,"b284","6-Mar-99","13:56:02","B"
173.7216667,-73.48166667,"b284","6-Mar-99","3:56:29","0"
175.295,-73.12833333,"b284","6-Mar-99","5:38:14","B"
173.0383333,-73.45333333,"b284","7-Mar-99","13:47:29","0"
172.475,-73.28833333,"b284","7-Mar-99","15:24:28","A"
173.7816667,-73.42166667,"b284","7-Mar-99","5:32:13","B"
173.665,-73.57,"b284","8-Mar-99","5:14:15","B"
173.2233333,-73.56333333,"b284","9-Mar-99","14:48:07","B"
173.3483333,-73.615,"b284","9-Mar-99","16:51:42","B"
173.215,-73.59666667,"b284","9-Mar-99","5:01:00","A"
173.0916667,-73.50166667,"b284","9-Mar-99","6:29:20","B"
173.51,-73.255,"b284","9-Mar-99","6:47:54","B"
171.9416667,-72.93666667,"b284","10-Mar-99","14:49:19","B"
172.9383333,-73.53833333,"b284","10-Mar-99","3:12:51","B"
173.6116667,-73.62166667,"b284","10-Mar-99","6:05:52","B"
172.1966667,-73.33166667,"b284","11-Mar-99","14:39:48","B"
172.31,-73.90333333,"b284","11-Mar-99","16:29:26","B"
173.235,-73.51333333,"b284","11-Mar-99","6:19:07","B"
173.8866667,-73.80833333,"b284","12-Mar-99","12:49:47","B"
173.0016667,-73.56666667,"b284","12-Mar-99","14:31:44","A"
171.5366667,-73.28333333,"b284","12-Mar-99","16:56:18","B"
173.3516667,-73.58666667,"b284","13-Mar-99","16:39:55","2"
173.9333333,-73.65833333,"b284","13-Mar-99","0:53:44","B"
173.1966667,-73.59166667,"b284","14-Mar-99","14:07:58","A"
172.9516667,-73.66166667,"b284","15-Mar-99","14:15:41","B"
173.1533333,-73.70166667,"b284","15-Mar-99","15:57:41","0"
174.2433333,-73.57333333,"b284","16-Mar-99","3:41:25","B"
172.6633333,-73.69833333,"b284","17-Mar-99","1:47:00","A"
172.4683333,-73.52833333,"b284","17-Mar-99","3:34:17","A"
174.0583333,-73.42833333,"b284","17-Mar-99","5:12:36","B"
173.5816667,-73.67333333,"b284","18-Mar-99","14:48:29","A"
174.0733333,-73.50666667,"b284","18-Mar-99","1:37:46","B"
173.435,-73.605,"b284","19-Mar-99","14:55:34","A"
172.8133333,-72.93,"b284","19-Mar-99","16:10:26","B"
167.13,-71.07666667,"b284","19-Mar-99","17:51:00","B"
172.3666667,-73.79333333,"b284","19-Mar-99","18:15:24","B"
175.2166667,-73.57,"b284","19-Mar-99","1:30:46","B"
173.28,-73.49333333,"b284","19-Mar-99","3:11:24","A"
172.9233333,-73.61833333,"b284","19-Mar-99","4:48:02","B"
173.5883333,-73.61333333,"b284","21-Mar-99","13:42:48","A"
177.9166667,-74.05333333,"b284","21-Mar-99","15:17:35","B"
173.6183333,-73.50166667,"b284","21-Mar-99","4:28:35","A"
176.8466667,-72.88333333,"b284","21-Mar-99","6:12:21","B"
176.2533333,-73.19833333,"b284","22-Mar-99","16:07:07","B"
171.5733333,-73.86333333,"b284","22-Mar-99","4:21:26","0"
168.33,-74.525,"b284","22-Mar-99","6:01:04","B"
173.4716667,-73.01666667,"b284","23-Mar-99","14:41:03","B"
179.2466667,-72.64333333,"b284","23-Mar-99","15:56:18","B"
173.9816667,-73.62666667,"b284","23-Mar-99","16:18:30","A"
173.8366667,-73.42666667,"b284","23-Mar-99","2:25:13","B"
171.1283333,-73.90166667,"b284","23-Mar-99","5:49:12","B"
175.7733333,-73.47333333,"b284","24-Mar-99","15:35:16","B"
174.6633333,-73.12833333,"b284","24-Mar-99","17:16:55","B"
174.5333333,-73.44666667,"b284","24-Mar-99","17:16:55","A"
172.215,-73.49333333,"b284","24-Mar-99","3:50:48","B"
174.3883333,-73.69666667,"b284","24-Mar-99","5:54:49","B"
174.7733333,-73.07666667,"b284","25-Mar-99","17:05:57","B"
177.6516667,-72.37166667,"b284","26-Mar-99","3:36:23","B"
175.0533333,-72.94,"b284","28-Mar-99","4:49:39","A"
174.495,-72.89333333,"b284","29-Mar-99","2:55:16","A"
174.8983333,-72.02333333,"b284","31-Mar-99","13:21:57","A"
174.9616667,-71.86833333,"b284","31-Mar-99","16:39:55","A"
175.5983333,-72.16,"b284","31-Mar-99","2:32:45","A"
176.9133333,-71.81666667,"b284","31-Mar-99","6:46:46","B"
175.4716667,-71.51833333,"b284","1-Apr-99","14:06:34","A"
175.1216667,-71.30833333,"b284","1-Apr-99","17:28:28","B"
174.6016667,-71.14666667,"b284","2-Apr-99","14:17:37","A"
176.5616667,-70.94333333,"b284","2-Apr-99","15:51:16","B"
172.865,-70.74333333,"b284","3-Apr-99","17:07:05","B"
174.3383333,-70.87833333,"b284","3-Apr-99","2:01:15","B"
173.3283333,-71.045,"b284","3-Apr-99","5:31:20","A"
172.8766667,-70.54666667,"b284","4-Apr-99","15:13:23","A"
173.3966667,-69.49,"b284","6-Apr-99","14:47:48","B"
173.385,-69.71666667,"b284","6-Apr-99","16:08:19","B"
173.8233333,-69.79833333,"b284","6-Apr-99","6:30:14","B"
171.5516667,-68.94666667,"b284","8-Apr-99","17:03:36","B"
172.5133333,-69.13666667,"b284","8-Apr-99","2:45:09","A"
172.5933333,-69.10666667,"b284","9-Apr-99","4:12:32","B"
169.3,-68.575,"b284","10-Apr-99","14:38:26","B"
168.0716667,-67.985,"b284","10-Apr-99","17:26:49","B"
167.8966667,-68.01666667,"b284","11-Apr-99","13:54:37","B"
168.0966667,-67.92666667,"b284","11-Apr-99","3:55:34","A"
166.7083333,-67.925,"b284","13-Apr-99","13:36:42","0"
167.4733333,-67.99833333,"b284","13-Apr-99","3:28:12","B"
166.4566667,-67.98333333,"b284","14-Apr-99","13:26:05","0"
167.3333333,-67.74666667,"b284","14-Apr-99","3:22:12","A"
167.0516667,-67.65166667,"b284","15-Apr-99","4:53:09","A"
165.0983333,-67.65333333,"b284","16-Apr-99","13:02:32","0"
164.9783333,-67.51333333,"b284","16-Apr-99","17:27:43","B"
164.1666667,-67.49333333,"b284","17-Apr-99","13:51:46","B"
164.4583333,-67.31333333,"b284","17-Apr-99","17:05:37","2"
164.4166667,-67.30833333,"b284","17-Apr-99","18:46:37","1"
164.7933333,-67.78333333,"b284","18-Apr-99","17:42:52","A"
161.5966667,-67.07833333,"b284","19-Apr-99","14:02:59","B"
165.4416667,-67.41166667,"b284","19-Apr-99","14:41:15","A"
164.7866667,-67.74,"b284","19-Apr-99","5:48:39","0"
164.6716667,-67.66166667,"b284","20-Apr-99","15:58:09","B"
163.9883333,-67.24666667,"b284","21-Apr-99","17:18:32","B"
164.5883333,-67.22333333,"b284","22-Apr-99","16:52:00","0"
154.7683333,-66.88666667,"b284","22-Apr-99","18:29:48","B"
164.3516667,-67.34333333,"b284","23-Apr-99","13:22:25","A"
164.0366667,-67.28333333,"b284","23-Apr-99","16:44:54","A"
166.2633333,-67.34,"b284","23-Apr-99","4:59:21","B"
164.5383333,-67.37,"b284","24-Apr-99","16:11:25","A"
168.8033333,-65.60166667,"b284","24-Apr-99","4:55:22","B"
164.5933333,-67.02166667,"b284","25-Apr-99","14:08:21","0"
164.2783333,-67.27666667,"b284","25-Apr-99","17:28:07","2"
164.2133333,-67.23166667,"b284","26-Apr-99","15:27:42","1"
164.1533333,-67.27333333,"b284","26-Apr-99","16:06:21","1"
164.2883333,-67.24833333,"b284","26-Apr-99","17:09:04","2"
164.2566667,-67.26833333,"b284","26-Apr-99","17:53:00","0"
164.22,-67.24833333,"b284","26-Apr-99","18:47:49","1"
162.9,-67.585,"b284","26-Apr-99","6:07:58","B"
164.0616667,-67.295,"b284","27-Apr-99","15:59:59","A"
164.32,-67.21166667,"b284","27-Apr-99","4:18:43","A"
165.2216667,-67.08166667,"b284","28-Apr-99","13:04:15","B"
163.37,-66.96333333,"b284","28-Apr-99","17:29:14","B"
166.4766667,-68.15666667,"b284","28-Apr-99","18:04:15","B"
164.4783333,-67.24166667,"b284","30-Apr-99","3:44:39","1"
164.8166667,-67.08666667,"b284","2-May-99","16:31:32","B"
164.7566667,-67.16666667,"b284","2-May-99","18:13:19","A"
169.5866667,-66.55333333,"b284","2-May-99","3:25:00","B"
164.6716667,-67.46333333,"b284","2-May-99","6:35:12","B"
164.4066667,-67.26666667,"b284","3-May-99","12:57:33","A"
164.8233333,-67.26833333,"b284","4-May-99","17:30:29","A"
164.3783333,-67.25833333,"b284","8-May-99","17:20:53","B"
164.4016667,-67.29666667,"b284","9-May-99","14:03:22","B"
164.605,-67.56833333,"b284","10-May-99","17:01:32","B"
164.6283333,-67.12666667,"b284","10-May-99","5:13:48","A"
164.585,-67.33,"b284","11-May-99","16:45:11","A"
164.43,-67.145,"b284","12-May-99","14:35:21","1"
164.435,-67.19333333,"b284","12-May-99","12:57:43","A"
162.6383333,-66.64166667,"b284","13-May-99","17:26:57","B"
164.5416667,-67.29833333,"b284","13-May-99","13:00:19","0"
157.3816667,-66.67166667,"b284","14-May-99","14:23:07","B"
164.3766667,-66.98666667,"b284","14-May-99","15:27:29","B"
164.24,-67.25333333,"b284","14-May-99","16:08:05","A"
165.3333333,-66.87166667,"b284","14-May-99","4:30:38","A"
167.7616667,-66.31666667,"b284","14-May-99","6:06:17","B"
164.4316667,-67.41166667,"b284","16-May-99","14:06:00","1"
163.6933333,-67.465,"b284","16-May-99","4:00:48","B"
163.1283333,-66.35833333,"b284","19-May-99","15:15:59","B"
163.35,-66.15666667,"b284","20-May-99","16:33:00","B"
162.8816667,-66.91833333,"b284","20-May-99","4:59:14","B"
164.4,-65.93166667,"b284","21-May-99","14:34:44","B"
163.9783333,-65.68166667,"b284","22-May-99","16:16:15","B"
162.9366667,-65.515,"b284","23-May-99","6:08:36","B"
162.7033333,-63.92166667,"b284","25-May-99","18:00:55","B"
162.765,-63.485,"b284","26-May-99","13:48:40","B"
162.8933333,-63.98833333,"b284","26-May-99","3:52:27","B"
164.3666667,-63.61833333,"b284","26-May-99","5:35:25","B"
162.9,-63.22333333,"b284","27-May-99","13:42:11","B"
162.585,-62.77333333,"b284","27-May-99","16:58:26","B"
161.6216667,-63.50166667,"b284","27-May-99","5:20:51","B"
162.2216667,-62.71,"b284","29-May-99","4:55:03","B"
162.3916667,-61.66,"b284","30-May-99","4:45:09","B"
162.1216667,-61.37666667,"b284","30-May-99","6:31:56","B"
162.0183333,-60.40166667,"b284","31-May-99","14:34:58","B"
160.02,-58.97333333,"b284","2-Jun-99","17:36:15","A"
161.115,-59.26333333,"b284","2-Jun-99","18:26:34","B"
160.4533333,-58.93333333,"b284","3-Jun-99","13:10:26","B"
159.1433333,-57.05166667,"b284","5-Jun-99","13:43:35","0"
159.5283333,-57.62666667,"b284","5-Jun-99","15:46:24","B"
158.065,-56.46,"b284","6-Jun-99","18:29:17","B"
159.8183333,-56.61166667,"b284","6-Jun-99","5:16:34","A"
158.7966667,-55.68333333,"b284","7-Jun-99","14:52:30","B"
158.575,-55.35,"b284","8-Jun-99","4:48:59","B"
158.8633333,-54.57333333,"b284","9-Jun-99","14:34:22","2"
158.6466667,-54.82166667,"b290","30-Jan-99","17:04:42","A"
159.3416667,-54.37833333,"b290","30-Jan-99","5:30:59","0"
158.76,-54.475,"b290","30-Jan-99","8:50:55","A"
157.98,-55.31166667,"b290","31-Jan-99","8:26:28","B"
156.715,-56.305,"b290","1-Feb-99","19:40:07","B"
156.9216667,-56.24,"b290","1-Feb-99","8:05:39","A"
156.5216667,-57.27666667,"b290","2-Feb-99","16:32:03","B"
156.2683333,-57.2,"b290","2-Feb-99","19:18:54","B"
156.4583333,-57.54333333,"b290","3-Feb-99","6:29:56","B"
154.4716667,-58.75833333,"b290","4-Feb-99","16:08:17","B"
154.9083333,-59.02833333,"b290","4-Feb-99","17:53:32","B"
155.7766667,-58.20166667,"b290","4-Feb-99","6:18:52","B"
155.2233333,-58.46333333,"b290","4-Feb-99","8:43:44","A"
153.7716667,-59.72333333,"b290","5-Feb-99","16:35:10","B"
153.3533333,-59.78166667,"b290","5-Feb-99","17:43:07","A"
153.9116667,-59.81666667,"b290","5-Feb-99","19:50:18","A"
153.3933333,-59.28166667,"b290","5-Feb-99","4:25:44","A"
154.0216667,-59.31333333,"b290","5-Feb-99","8:18:02","B"
153.3383333,-60.15333333,"b290","6-Feb-99","7:58:54","0"
150.0683333,-63.01333333,"b290","8-Feb-99","18:51:51","B"
151.4816667,-61.97666667,"b290","8-Feb-99","3:43:27","B"
149.3933333,-64.53666667,"b290","10-Feb-99","16:24:43","B"
148.8616667,-64.15833333,"b290","10-Feb-99","16:44:01","B"
149.5633333,-64.36333333,"b290","10-Feb-99","19:38:57","B"
148.2733333,-65.34833333,"b290","11-Feb-99","19:19:36","B"
148.1666667,-65.37666667,"b290","11-Feb-99","21:00:13","A"
149.13,-64.785,"b290","11-Feb-99","4:56:10","A"
147.9566667,-65.095,"b290","11-Feb-99","9:23:11","A"
148.2566667,-65.95833333,"b290","12-Feb-99","16:21:09","A"
147.6116667,-66.25166667,"b290","14-Feb-99","4:17:45","B"
148.2333333,-66.16666667,"b290","14-Feb-99","9:20:21","A"
147.2666667,-66.97666667,"b290","15-Feb-99","17:33:39","B"
147.1533333,-66.87333333,"b290","15-Feb-99","19:30:26","A"
147.3466667,-66.635,"b290","15-Feb-99","5:51:19","0"
147.5066667,-66.725,"b290","15-Feb-99","7:31:00","A"
147.3633333,-67.28666667,"b290","16-Feb-99","17:32:02","0"
146.815,-67.13,"b290","17-Feb-99","5:24:18","B"
148.9683333,-66.68166667,"b290","17-Feb-99","7:05:23","B"
147.6933333,-67.55333333,"b290","18-Feb-99","16:56:02","B"
147.48,-67.60166667,"b290","18-Feb-99","20:05:33","B"
146.77,-67.30666667,"b290","20-Feb-99","18:20:27","B"
146.7783333,-66.74666667,"b290","20-Feb-99","20:59:01","B"
147.7516667,-67.04166667,"b290","21-Feb-99","18:56:35","0"
147.5133333,-67.01166667,"b290","21-Feb-99","8:06:50","B"
147.625,-66.95,"b290","22-Feb-99","18:37:52","A"
146.3766667,-66.55333333,"b290","23-Feb-99","18:12:02","B"
146.79,-67.05333333,"b290","23-Feb-99","4:14:54","B"
147.755,-67.06333333,"b290","23-Feb-99","8:23:09","B"
147.5566667,-67.28,"b290","25-Feb-99","17:36:34","B"
147.7133333,-66.78166667,"b290","25-Feb-99","5:39:06","B"
147.8083333,-66.17166667,"b290","26-Feb-99","7:07:28","B"
146.1166667,-66.02166667,"b290","27-Feb-99","17:00:55","B"
146.4266667,-66.26333333,"b290","28-Feb-99","16:43:01","A"
144.2633333,-66.21,"b290","1-Mar-99","16:34:39","B"
144.6533333,-65.98666667,"b290","1-Mar-99","17:41:35","B"
145.735,-66.13666667,"b290","1-Mar-99","19:19:24","B"
144.3966667,-66.225,"b290","1-Mar-99","21:05:30","B"
144.2916667,-66.35666667,"b290","1-Mar-99","4:51:43","B"
144.1466667,-65.995,"b290","3-Mar-99","17:52:34","B"
144.6866667,-65.895,"b290","3-Mar-99","8:43:48","A"
144.5666667,-66.00333333,"b290","4-Mar-99","17:41:07","A"
144.615,-66.035,"b290","4-Mar-99","19:56:47","A"
144.4066667,-65.96333333,"b290","4-Mar-99","4:22:49","B"
144.9433333,-66.02166667,"b290","4-Mar-99","5:59:19","B"
144.9,-66.09333333,"b290","5-Mar-99","17:56:45","A"
144.5466667,-66.01333333,"b290","5-Mar-99","19:36:09","A"
144.9266667,-66.015,"b290","5-Mar-99","21:13:17","A"
144.2283333,-66.25166667,"b290","5-Mar-99","7:31:11","B"
144.865,-66.32166667,"b290","6-Mar-99","7:16:18","B"
144.7316667,-66.18333333,"b290","6-Mar-99","9:17:22","B"
144.7966667,-66.35333333,"b290","7-Mar-99","8:49:18","A"
144.7416667,-66.08666667,"b290","8-Mar-99","16:58:26","0"
135.9916667,-66.94833333,"b290","8-Mar-99","6:54:23","B"
144.23,-66.51333333,"b290","8-Mar-99","8:38:54","B"
145.2166667,-66.36333333,"b290","9-Mar-99","16:30:29","B"
147.8766667,-67.23166667,"b290","9-Mar-99","19:49:12","B"
144.1933333,-65.96,"b290","10-Mar-99","17:45:58","0"
144.0283333,-65.90833333,"b290","10-Mar-99","19:23:24","B"
143.3733333,-65.775,"b290","10-Mar-99","21:06:19","0"
143.9366667,-66.205,"b290","10-Mar-99","4:52:45","B"
144.0183333,-66.085,"b290","10-Mar-99","9:28:20","0"
143.4166667,-65.82166667,"b290","11-Mar-99","18:04:26","B"
143.5116667,-65.82,"b290","11-Mar-99","19:01:51","B"
142.5883333,-65.70666667,"b290","12-Mar-99","17:51:16","A"
141.9916667,-65.905,"b290","13-Mar-99","7:42:19","A"
141.805,-66.15333333,"b290","14-Mar-99","15:51:19","B"
140.3416667,-65.77166667,"b290","14-Mar-99","17:32:01","B"
140.4366667,-65.61833333,"b290","15-Mar-99","15:37:07","A"
140.015,-65.64166667,"b290","15-Mar-99","19:10:27","B"
140.1666667,-65.79833333,"b290","16-Mar-99","17:11:27","B"
139.385,-65.68333333,"b290","16-Mar-99","8:51:42","A"
139.9233333,-65.71333333,"b290","17-Mar-99","6:54:15","B"
138.955,-65.635,"b290","17-Mar-99","8:37:15","A"
138.3166667,-65.82166667,"b290","18-Mar-99","6:50:45","B"
139.1016667,-65.905,"b290","19-Mar-99","16:09:40","B"
138.5933333,-65.70166667,"b290","19-Mar-99","6:30:49","B"
138.9,-65.72333333,"b290","19-Mar-99","8:14:43","A"
139.6016667,-65.76333333,"b290","20-Mar-99","16:21:16","B"
139.5416667,-65.765,"b290","20-Mar-99","18:03:40","B"
140.1216667,-65.63833333,"b290","21-Mar-99","16:11:27","A"
139.67,-65.96166667,"b290","22-Mar-99","18:24:16","B"
139.87,-65.60333333,"b290","23-Mar-99","15:47:06","A"
140.0866667,-65.77166667,"b290","23-Mar-99","18:00:50","B"
139.73,-65.66833333,"b290","23-Mar-99","9:08:26","B"
139.5166667,-65.69833333,"b290","24-Mar-99","5:35:54","B"
139.7333333,-65.68666667,"b290","24-Mar-99","9:20:25","0"
140.1533333,-65.58166667,"b290","25-Mar-99","3:42:33","B"
139.8116667,-65.59666667,"b290","25-Mar-99","5:27:07","2"
140.0883333,-65.52166667,"b290","26-Mar-99","5:13:52","B"
137.9816667,-65.41166667,"b290","27-Mar-99","21:28:47","A"
138.5083333,-65.39666667,"b290","27-Mar-99","5:02:08","B"
136.8216667,-65.355,"b290","28-Mar-99","18:15:15","B"
137.3616667,-65.34333333,"b290","28-Mar-99","8:14:26","A"
135.5016667,-65.41166667,"b290","29-Mar-99","18:05:14","A"
134.4433333,-64.70333333,"b290","30-Mar-99","18:43:25","B"
132.4816667,-64.97,"b290","1-Apr-99","19:09:39","B"
132.975,-65.26333333,"b290","1-Apr-99","9:12:28","A"
133.8283333,-65.105,"b290","2-Apr-99","15:35:55","B"
132.6933333,-65.10333333,"b290","2-Apr-99","7:20:52","B"
133.4866667,-64.93833333,"b290","2-Apr-99","8:58:16","A"
133.4716667,-64.99166667,"b290","3-Apr-99","18:47:37","B"
133.7066667,-65.01666667,"b290","3-Apr-99","8:50:12","B"
133.9216667,-64.84666667,"b290","4-Apr-99","20:13:32","B"
133.8983333,-64.91333333,"b290","4-Apr-99","6:54:46","B"
133.5866667,-64.71333333,"b290","5-Apr-99","18:22:39","B"
133.7683333,-64.81666667,"b290","5-Apr-99","19:51:20","A"
133.0733333,-64.80333333,"b290","6-Apr-99","9:30:31","A"
133.4166667,-65.16,"b290","7-Apr-99","15:49:32","B"
132.3916667,-65.03166667,"b290","8-Apr-99","6:09:43","A"
134.5433333,-64.815,"b290","9-Apr-99","19:58:59","B"
133.7366667,-65.08666667,"b290","10-Apr-99","9:08:58","B"
134.3966667,-64.98166667,"b290","11-Apr-99","19:19:37","B"
135.0166667,-64.48333333,"b290","12-Apr-99","5:25:46","A"
134.1316667,-65.01666667,"b290","13-Apr-99","18:37:36","A"
133.9633333,-64.84666667,"b290","13-Apr-99","8:37:08","B"
133.7,-64.82833333,"b290","14-Apr-99","18:25:23","B"
133.78,-64.78833333,"b290","16-Apr-99","18:02:50","0"
134.1166667,-64.75333333,"b290","16-Apr-99","19:05:58","B"
134.1216667,-64.92666667,"b290","16-Apr-99","20:49:29","0"
134.7466667,-65.26166667,"b290","17-Apr-99","17:47:52","B"
134.6166667,-65.30666667,"b290","19-Apr-99","17:24:52","0"
133.0666667,-64.87833333,"b290","19-Apr-99","19:41:35","1"
132.7116667,-64.89833333,"b290","20-Apr-99","19:00:41","A"
133.5666667,-64.7,"b290","23-Apr-99","18:23:44","0"
134.03,-64.69333333,"b290","23-Apr-99","6:47:30","B"
128.2716667,-65.19666667,"b290","23-Apr-99","8:30:04","B"
133.8166667,-64.74666667,"b290","25-Apr-99","16:20:30","0"
133.91,-64.82666667,"b290","25-Apr-99","19:08:56","A"
133.4066667,-64.70666667,"b290","26-Apr-99","16:08:14","0"
135.865,-64.12833333,"b290","26-Apr-99","7:49:01","B"
134.655,-64.62833333,"b290","27-Apr-99","15:53:46","B"
131.4516667,-64.55833333,"b290","29-Apr-99","20:55:53","B"
132.97,-64.94333333,"b290","29-Apr-99","7:17:04","B"
133.2183333,-64.67166667,"b290","30-Apr-99","18:46:53","B"
134.0533333,-64.85333333,"b290","2-May-99","16:41:29","A"
134.5766667,-64.83666667,"b290","3-May-99","18:14:01","0"
134.8683333,-64.91166667,"b290","4-May-99","16:21:30","0"
134.8883333,-64.935,"b290","4-May-99","17:31:06","B"
134.6266667,-64.86666667,"b290","4-May-99","18:05:27","B"
134.5816667,-64.81666667,"b290","5-May-99","16:09:03","2"
134.525,-64.85166667,"b290","5-May-99","17:11:04","0"
134.5583333,-64.82333333,"b290","5-May-99","17:46:39","0"
134.5616667,-64.82166667,"b290","5-May-99","18:47:56","1"
134.4816667,-64.80666667,"b290","5-May-99","19:31:58","1"
134.4466667,-64.81666667,"b290","5-May-99","20:28:29","1"
134.4766667,-64.87833333,"b290","5-May-99","9:31:22","A"
134.5016667,-64.67833333,"b290","6-May-99","15:56:57","A"
135.3116667,-64.85333333,"b290","6-May-99","20:03:53","B"
134.7733333,-64.895,"b290","6-May-99","5:59:44","0"
134.2883333,-64.87166667,"b290","7-May-99","19:12:30","B"
133.92,-64.65333333,"b290","9-May-99","20:38:57","B"
134.4216667,-64.77,"b290","9-May-99","7:07:10","A"
134.1116667,-64.865,"b290","10-May-99","17:01:25","B"
134.2083333,-64.73666667,"b290","11-May-99","18:12:19","B"
133.755,-64.76333333,"b290","11-May-99","19:58:08","0"
133.5933333,-64.77833333,"b290","11-May-99","8:23:56","1"
133.0883333,-64.745,"b290","13-May-99","16:15:48","B"
134.335,-64.875,"b290","13-May-99","19:13:47","A"
134.84,-64.75833333,"b290","14-May-99","18:50:09","A"
134.47,-64.765,"b290","14-May-99","19:31:53","0"
135.0966667,-64.595,"b290","14-May-99","7:52:22","A"
134.5133333,-64.73666667,"b290","15-May-99","17:38:21","1"
134.6633333,-64.77833333,"b290","15-May-99","18:29:04","0"
134.58,-64.74666667,"b290","15-May-99","19:20:44","2"
134.575,-64.75166667,"b290","15-May-99","20:07:19","2"
134.6083333,-64.71666667,"b290","15-May-99","21:03:06","B"
134.2766667,-64.69333333,"b290","16-May-99","15:47:56","B"
134.6616667,-64.69333333,"b290","16-May-99","19:47:41","B"
132.1083333,-65.20166667,"b290","16-May-99","7:34:15","B"
134.5183333,-65.01833333,"b290","18-May-99","15:45:11","B"
134.8683333,-65.14166667,"b290","18-May-99","20:41:11","A"
136.4666667,-65.15166667,"b290","20-May-99","19:53:49","B"
134.8083333,-64.85833333,"b290","21-May-99","19:55:01","0"
134.6366667,-64.83666667,"b290","23-May-99","17:51:06","A"
134.7383333,-64.83833333,"b290","23-May-99","19:32:04","A"
135.0583333,-64.89833333,"b290","24-May-99","15:56:30","0"
134.8633333,-64.92666667,"b290","24-May-99","17:39:09","0"
135.085,-64.93333333,"b290","25-May-99","9:08:23","0"
134.2016667,-64.75166667,"b290","26-May-99","17:17:06","B"
133.4416667,-64.51833333,"b290","26-May-99","20:59:43","B"
135.0766667,-64.93666667,"b290","26-May-99","7:15:56","0"
135.4333333,-64.95666667,"b290","27-May-99","9:07:51","B"
136.3083333,-64.96166667,"b290","28-May-99","18:30:46","A"
134.9283333,-64.84333333,"b290","28-May-99","20:15:53","A"
135.0683333,-64.89166667,"b290","29-May-99","19:58:43","2"
134.6733333,-64.81333333,"b290","29-May-99","21:38:45","0"
134.3116667,-64.82,"b290","30-May-99","16:32:31","B"
136.8383333,-65.28166667,"b290","30-May-99","18:07:17","A"
134.5433333,-64.77333333,"b290","31-May-99","16:19:09","0"
134.745,-64.82166667,"b290","31-May-99","8:00:46","A"
135.4233333,-65.02166667,"b290","1-Jun-99","17:45:04","B"
134.1933333,-64.63,"b290","1-Jun-99","6:08:08","A"
134.0816667,-64.66833333,"b290","2-Jun-99","18:29:45","0"
134.1733333,-64.68833333,"b290","2-Jun-99","5:59:13","0"
134.0466667,-64.585,"b290","3-Jun-99","19:50:56","B"
134.3683333,-64.85666667,"b290","4-Jun-99","17:45:16","B"
134.455,-64.74166667,"b290","4-Jun-99","18:55:44","1"
134.4433333,-64.74666667,"b290","4-Jun-99","19:23:59","1"
134.2016667,-64.66833333,"b290","5-Jun-99","18:45:41","A"
138.3766667,-64.8,"b290","5-Jun-99","20:38:43","B"
134.18,-65.315,"b290","7-Jun-99","4:59:45","A"
134.2083333,-65.22,"b290","7-Jun-99","6:42:37","B"
134.4533333,-65.08833333,"b290","8-Jun-99","16:29:54","A"
134.0316667,-64.68166667,"b290","9-Jun-99","9:14:26","B"
134.4166667,-64.81666667,"b290","11-Jun-99","7:38:08","B"
133.5516667,-64.65666667,"b290","12-Jun-99","19:10:09","B"
134.4033333,-64.80666667,"b290","12-Jun-99","5:46:19","0"
133.8266667,-64.67166667,"b290","15-Jun-99","6:49:30","B"
136.26,-65.38333333,"b290","16-Jun-99","20:03:26","B"
135.8583333,-64.95166667,"b290","17-Jun-99","16:24:05","B"
135.9033333,-64.57166667,"b290","17-Jun-99","17:58:53","1"
135.7833333,-64.61666667,"b290","17-Jun-99","19:51:36","B"
135.8183333,-64.53,"b290","17-Jun-99","21:17:28","0"
136.7483333,-63.51833333,"b290","19-Jun-99","18:55:15","A"
137.9033333,-62.965,"b290","20-Jun-99","17:36:44","A"
138.19,-62.98666667,"b290","20-Jun-99","18:34:06","B"
137.2033333,-63.25333333,"b290","20-Jun-99","5:58:59","B"
139.7633333,-62.71666667,"b290","21-Jun-99","17:25:18","A"
139.4583333,-62.86333333,"b290","21-Jun-99","21:33:30","B"
141.5716667,-62.22666667,"b290","22-Jun-99","17:46:13","0"
141.6516667,-62.21166667,"b290","22-Jun-99","18:50:54","B"
142.0233333,-61.77666667,"b290","23-Jun-99","8:45:23","A"
144.2183333,-61.36166667,"b290","24-Jun-99","16:47:55","0"
147.3066667,-60.48333333,"b290","26-Jun-99","4:52:28","0"
147.74,-60.11833333,"b290","27-Jun-99","9:39:34","B"
149.56,-59.35666667,"b290","28-Jun-99","16:05:27","B"
149.685,-59.65833333,"b290","28-Jun-99","18:57:24","B"
149.0016667,-59.575,"b290","28-Jun-99","7:46:50","B"
151.7966667,-58.28166667,"b290","30-Jun-99","15:42:20","0"
153.1116667,-57.96833333,"b290","1-Jul-99","16:08:33","B"
153.21,-57.86333333,"b290","1-Jul-99","17:12:53","0"
152.5383333,-57.725,"b290","1-Jul-99","5:39:20","B"
154.89,-57.345,"b290","2-Jul-99","16:53:08","0"
153.9966667,-57.38166667,"b290","2-Jul-99","9:13:48","A"
155.7916667,-56.86333333,"b290","3-Jul-99","8:52:25","B"
158.4566667,-54.30166667,"c026","1-Jan-99","14:02:10","B"
158.59,-54.50166667,"c026","1-Jan-99","15:46:12","A"
159.1783333,-54.46666667,"c026","1-Jan-99","12:27:28","B"
158.4433333,-54.85833333,"c026","2-Jan-99","4:04:04","A"
159.8583333,-57.91833333,"c026","4-Jan-99","13:35:57","B"
159.06,-57.38333333,"c026","4-Jan-99","3:36:08","B"
159.7716667,-57.35333333,"c026","4-Jan-99","11:39:18","B"
160.4,-59.08333333,"c026","5-Jan-99","13:25:15","B"
160.2383333,-58.57666667,"c026","5-Jan-99","14:37:08","B"
160.2966667,-58.65333333,"c026","5-Jan-99","16:16:28","B"
160.4066667,-59.81333333,"c026","6-Jan-99","14:17:21","B"
159.89,-59.50166667,"c026","6-Jan-99","14:50:37","B"
159.4766667,-59.65666667,"c026","6-Jan-99","11:02:16","B"
161.3066667,-60.25166667,"c026","7-Jan-99","3:05:10","B"
161.1383333,-61.34666667,"c026","7-Jan-99","4:44:31","B"
162.3216667,-61.36,"c026","8-Jan-99","11:49:29","B"
163.5483333,-62.71166667,"c026","9-Jan-99","14:49:36","B"
160.1916667,-63.34166667,"c026","9-Jan-99","16:04:17","B"
161.9083333,-62.285,"c026","9-Jan-99","2:35:54","A"
162.4033333,-62.79333333,"c026","9-Jan-99","11:35:15","B"
163.6616667,-63.27666667,"c026","10-Jan-99","4:08:08","B"
166.0266667,-64.83,"c026","11-Jan-99","15:48:23","B"
166.25,-64.51333333,"c026","11-Jan-99","12:18:43","B"
167.2566667,-65.33666667,"c026","12-Jan-99","15:22:10","B"
167.195,-66.165,"c026","13-Jan-99","13:33:19","B"
167.6033333,-66.315,"c026","13-Jan-99","15:15:10","B"
168.8716667,-66.44333333,"c026","13-Jan-99","16:51:30","B"
167.305,-65.83833333,"c026","13-Jan-99","3:38:14","A"
168.1266667,-67.46666667,"c026","14-Jan-99","14:38:16","A"
168.2183333,-66.92666667,"c026","14-Jan-99","3:21:33","B"
167.9366667,-67.27666667,"c026","14-Jan-99","11:21:37","A"
169.4833333,-67.67166667,"c026","14-Jan-99","11:39:02","B"
168.59,-67.93333333,"c026","15-Jan-99","1:28:31","1"
168.5083333,-67.935,"c026","15-Jan-99","3:14:34","1"
170.76,-69.74333333,"c026","16-Jan-99","15:29:50","B"
170.905,-70.3,"c026","17-Jan-99","12:52:39","B"
177.6933333,-70.80666667,"c026","17-Jan-99","14:34:04","B"
170.3766667,-70.16833333,"c026","17-Jan-99","15:14:13","B"
169.9583333,-70.46833333,"c026","17-Jan-99","16:08:38","B"
171.9216667,-69.515,"c026","17-Jan-99","1:05:19","A"
170.2283333,-69.61833333,"c026","17-Jan-99","2:49:47","B"
175.295,-71.87833333,"c026","17-Jan-99","11:07:12","B"
163.6433333,-68.37833333,"c026","17-Jan-99","11:55:00","B"
171.8366667,-72.34833333,"c026","18-Jan-99","23:13:39","B"
175.0666667,-72.55,"c026","19-Jan-99","14:12:57","B"
172.9083333,-72.33833333,"c026","19-Jan-99","0:39:05","A"
176.3716667,-73.075,"c026","20-Jan-99","14:02:39","B"
172.45,-72.98333333,"c026","20-Jan-99","15:48:00","A"
172.4333333,-72.67666667,"c026","20-Jan-99","3:58:03","B"
170.5033333,-73.89333333,"c026","22-Jan-99","15:13:10","B"
172.8216667,-74.01166667,"c026","22-Jan-99","1:48:07","A"
173.3466667,-73.64833333,"c026","22-Jan-99","3:31:40","B"
171.9466667,-74.10833333,"c026","22-Jan-99","11:56:43","B"
170.9716667,-74.78333333,"c026","23-Jan-99","16:21:44","B"
174.0516667,-74.32333333,"c026","23-Jan-99","3:19:24","B"
174.1483333,-75.995,"c026","24-Jan-99","13:16:13","B"
171.8933333,-76.25833333,"c026","24-Jan-99","11:32:01","B"
170.9216667,-75.58,"c026","25-Jan-99","13:56:01","A"
170.75,-75.525,"c026","25-Jan-99","14:43:26","A"
174.47,-76.11833333,"c026","25-Jan-99","1:11:19","B"
170.4433333,-75.37833333,"c026","25-Jan-99","2:58:04","2"
169.5116667,-75.47166667,"c026","25-Jan-99","4:37:43","B"
169.4416667,-76.20833333,"c026","26-Jan-99","13:40:03","B"
171.3316667,-75.91666667,"c026","26-Jan-99","14:33:17","A"
170.8416667,-76.26833333,"c026","26-Jan-99","15:17:55","B"
172.1783333,-75.16666667,"c026","26-Jan-99","11:51:08","B"
171.3866667,-76.335,"c026","27-Jan-99","12:39:28","0"
171.375,-75.59833333,"c026","27-Jan-99","13:09:58","B"
171.1233333,-76.47833333,"c026","27-Jan-99","14:25:00","B"
171.7366667,-76.47833333,"c026","27-Jan-99","14:52:15","A"
172.6883333,-76.15833333,"c026","27-Jan-99","0:55:04","B"
171.7416667,-76.30833333,"c026","27-Jan-99","2:34:44","A"
170.1566667,-76.3,"c026","27-Jan-99","3:04:12","A"
169.315,-76.21666667,"c026","27-Jan-99","4:12:10","B"
171.6883333,-76.46166667,"c026","27-Jan-99","4:44:57","B"
170.8433333,-76.53666667,"c026","27-Jan-99","11:03:30","B"
171.4583333,-77.08166667,"c026","28-Jan-99","14:33:29","B"
170.8183333,-76.62166667,"c026","28-Jan-99","15:46:26","B"
170.5033333,-76.55,"c026","28-Jan-99","16:06:12","B"
171.6633333,-76.54833333,"c026","28-Jan-99","0:39:07","B"
171.8366667,-76.63666667,"c026","28-Jan-99","4:05:04","B"
171.735,-76.73333333,"c026","28-Jan-99","4:22:34","B"
170.9616667,-76.53833333,"c026","28-Jan-99","12:27:42","B"
169.5516667,-78.06333333,"c026","29-Jan-99","14:11:30","B"
175.2266667,-77.47833333,"c026","29-Jan-99","13:55:35","B"
172.0183333,-76.865,"c026","29-Jan-99","15:48:21","B"
169.8966667,-77.06333333,"c026","29-Jan-99","0:38:33","A"
171.2266667,-76.91666667,"c026","29-Jan-99","2:10:55","B"
171.4766667,-76.97833333,"c026","29-Jan-99","3:54:45","A"
173.0516667,-77.02833333,"c026","30-Jan-99","13:49:30","B"
171.5333333,-76.97333333,"c026","30-Jan-99","0:16:28","B"
171.6016667,-76.96666667,"c026","30-Jan-99","3:41:09","B"
175.3083333,-77.16333333,"c026","1-Feb-99","13:02:22","A"
172.6416667,-77.14833333,"c026","1-Feb-99","13:24:12","B"
174.0783333,-77.01166667,"c026","1-Feb-99","11:21:41","A"
173.37,-77.06666667,"c026","2-Feb-99","12:41:31","A"
173.6666667,-76.92333333,"c026","2-Feb-99","14:18:15","A"
173.4433333,-77.14333333,"c026","2-Feb-99","14:54:33","B"
173.8283333,-77.185,"c026","2-Feb-99","15:59:42","B"
173.49,-77.14833333,"c026","2-Feb-99","16:37:48","B"
173.8733333,-77.11166667,"c026","2-Feb-99","11:33:28","B"
173.4733333,-77.36666667,"c026","3-Feb-99","14:00:33","A"
173.2633333,-77.09,"c026","3-Feb-99","4:38:39","B"
173.5016667,-77.13333333,"c026","4-Feb-99","0:04:01","B"
173.8283333,-77.07833333,"c026","4-Feb-99","1:01:50","B"
172.25,-76.28666667,"c026","5-Feb-99","14:20:00","B"
172.0383333,-76.32333333,"c026","5-Feb-99","14:54:00","A"
172.8383333,-76.51333333,"c026","5-Feb-99","2:36:28","A"
172.6233333,-76.47333333,"c026","5-Feb-99","4:19:24","1"
172.2266667,-76.37666667,"c026","5-Feb-99","10:59:36","A"
166.0816667,-75.12,"c026","5-Feb-99","12:37:13","B"
170.9033333,-75.695,"c026","6-Feb-99","12:49:29","0"
170.6633333,-75.83666667,"c026","6-Feb-99","14:09:14","A"
170.9,-75.85333333,"c026","6-Feb-99","14:29:32","B"
169.965,-75.95833333,"c026","6-Feb-99","15:56:42","B"
170.9166667,-75.77166667,"c026","6-Feb-99","22:58:19","0"
170.0166667,-76.35333333,"c026","6-Feb-99","3:58:55","B"
170.8916667,-75.96166667,"c026","6-Feb-99","12:29:36","0"
171.0633333,-75.56666667,"c026","7-Feb-99","14:10:06","B"
171.1466667,-75.84333333,"c026","7-Feb-99","15:52:45","B"
171.0616667,-75.50833333,"c026","7-Feb-99","12:29:27","A"
171.475,-75.80166667,"c026","8-Feb-99","13:42:45","B"
168.0116667,-75.48833333,"c026","9-Feb-99","13:35:21","0"
167.7316667,-75.48833333,"c026","9-Feb-99","23:30:00","B"
169.7716667,-75.455,"c026","9-Feb-99","1:53:27","B"
167.0016667,-75.50166667,"c026","10-Feb-99","13:03:41","0"
167.4516667,-75.55,"c026","10-Feb-99","15:10:19","B"
167.5516667,-75.44333333,"c026","10-Feb-99","3:20:48","B"
165.3566667,-74.87166667,"c026","11-Feb-99","15:57:17","B"
166.1083333,-75.53333333,"c026","11-Feb-99","1:25:21","B"
164.5366667,-74.675,"c026","12-Feb-99","15:36:23","B"
164.8766667,-74.71666667,"c026","12-Feb-99","16:23:59","0"
163.94,-74.885,"c026","12-Feb-99","0:28:58","B"
163.24,-74.42666667,"c026","12-Feb-99","12:59:34","B"
163.7966667,-73.55333333,"c026","13-Feb-99","13:32:58","B"
164.955,-74.65333333,"c026","13-Feb-99","2:47:35","2"
165.0816667,-74.66166667,"c026","13-Feb-99","4:31:47","2"
159.7383333,-73.75,"c026","13-Feb-99","12:47:00","B"
165.4666667,-74.78166667,"c026","14-Feb-99","2:34:38","0"
169.6433333,-72.91166667,"c026","14-Feb-99","11:34:38","B"
165.1266667,-74.78166667,"c026","15-Feb-99","14:10:28","A"
165.2183333,-74.835,"c026","15-Feb-99","14:34:38","A"
166.0466667,-74.86666667,"c026","15-Feb-99","15:47:13","A"
165.3866667,-74.825,"c026","16-Feb-99","2:11:47","B"
166.8416667,-75.075,"c026","17-Feb-99","15:24:45","B"
165.5016667,-74.77666667,"c026","17-Feb-99","12:12:22","B"
166.0333333,-74.70833333,"c026","18-Feb-99","15:09:50","B"
166.1566667,-74.69833333,"c026","18-Feb-99","16:47:55","A"
165.7483333,-74.695,"c026","18-Feb-99","11:57:19","B"
167.2933333,-74.69,"c026","19-Feb-99","13:02:19","B"
167.0333333,-74.63166667,"c026","19-Feb-99","14:47:27","B"
167.6433333,-74.46333333,"c026","19-Feb-99","23:08:02","1"
166.5616667,-74.68166667,"c026","19-Feb-99","3:19:06","B"
166.8866667,-74.59166667,"c026","19-Feb-99","11:43:36","0"
168.1133333,-74.415,"c026","20-Feb-99","14:23:04","B"
166.555,-73.63166667,"c026","20-Feb-99","14:49:33","B"
167.6466667,-74.45333333,"c026","20-Feb-99","1:24:10","B"
167.5716667,-74.42,"c026","20-Feb-99","3:09:29","1"
167.5216667,-74.40666667,"c026","20-Feb-99","4:50:23","2"
168.5966667,-74.12166667,"c026","21-Feb-99","3:01:46","B"
171.32,-74.34833333,"c026","21-Feb-99","4:35:49","B"
169.525,-73.57333333,"c026","22-Feb-99","12:50:16","A"
169.7483333,-73.64166667,"c026","22-Feb-99","15:18:09","B"
172.1116667,-73.57333333,"c026","23-Feb-99","12:34:52","B"
170.5466667,-73.40333333,"c026","23-Feb-99","13:18:20","B"
167.5966667,-72.33,"c026","23-Feb-99","14:15:58","B"
170.6366667,-72.73166667,"c026","23-Feb-99","16:41:59","B"
170.19,-73.50166667,"c026","23-Feb-99","11:04:59","B"
172.9366667,-73.77,"c026","24-Feb-99","14:13:16","B"
172.5633333,-73.76833333,"c026","24-Feb-99","16:09:45","B"
171.11,-73.39666667,"c026","24-Feb-99","4:11:38","B"
169.1266667,-73.85666667,"c026","24-Feb-99","11:21:12","B"
173.1466667,-74.04666667,"c026","25-Feb-99","13:56:09","B"
172.08,-74.15166667,"c026","25-Feb-99","15:43:58","B"
172.6366667,-74.09,"c026","25-Feb-99","3:50:01","B"
174.51,-74.165,"c026","26-Feb-99","13:44:54","B"
173.865,-74.23166667,"c026","26-Feb-99","15:31:29","0"
173.9816667,-74.53833333,"c026","27-Feb-99","3:37:40","B"
175.7083333,-75.64333333,"c026","1-Mar-99","12:43:58","A"
175.56,-75.69833333,"c026","1-Mar-99","14:26:34","A"
175.55,-75.80833333,"c026","1-Mar-99","23:33:10","B"
177.845,-76.24833333,"c026","2-Mar-99","12:59:27","B"
175.8666667,-75.82166667,"c026","2-Mar-99","15:43:03","A"
175.3666667,-76.31166667,"c026","2-Mar-99","23:21:21","0"
175.7533333,-75.90666667,"c026","2-Mar-99","4:32:29","B"
175.8483333,-76.085,"c026","3-Mar-99","0:10:34","B"
175.765,-75.98833333,"c026","4-Mar-99","14:58:10","0"
175.4016667,-75.89666667,"c026","4-Mar-99","23:21:53","0"
176.1133333,-76.03,"c026","4-Mar-99","10:59:45","A"
176.3783333,-75.80666667,"c026","4-Mar-99","11:37:02","B"
175.6266667,-75.94333333,"c026","5-Mar-99","12:56:47","A"
174.595,-76.05666667,"c026","6-Mar-99","13:56:49","B"
176.0533333,-76.16166667,"c026","6-Mar-99","15:43:20","B"
175.5516667,-75.81166667,"c026","6-Mar-99","0:39:54","B"
177.935,-75.92333333,"c026","7-Mar-99","0:16:15","A"
177.8966667,-76.45,"c026","7-Mar-99","3:36:59","B"
175.7583333,-76.055,"c026","8-Mar-99","13:30:48","B"
175.4483333,-76.07666667,"c026","8-Mar-99","15:17:34","A"
177.5933333,-76.085,"c026","8-Mar-99","16:55:09","B"
176.0783333,-76.02666667,"c026","8-Mar-99","0:04:05","B"
175.73,-76.04666667,"c026","8-Mar-99","3:30:54","2"
174.3533333,-76.36166667,"c026","9-Mar-99","14:50:47","B"
174.585,-76.22666667,"c026","9-Mar-99","16:27:23","A"
173.3483333,-76.27166667,"c026","9-Mar-99","23:41:24","A"
173.89,-76.29166667,"c026","10-Mar-99","16:36:48","1"
176.8183333,-76.42833333,"c026","10-Mar-99","4:19:21","A"
171.8216667,-75.94833333,"c026","10-Mar-99","4:43:58","B"
173.8966667,-76.23833333,"c026","10-Mar-99","11:32:10","B"
174.0633333,-76.32833333,"c026","11-Mar-99","16:26:13","B"
173.7283333,-76.31166667,"c026","11-Mar-99","1:13:52","1"
173.4683333,-76.28333333,"c026","11-Mar-99","2:57:06","B"
173.8333333,-76.27833333,"c026","12-Mar-99","15:22:51","0"
173.9866667,-76.27666667,"c026","12-Mar-99","2:44:19","A"
179.2116667,-77.01833333,"c026","12-Mar-99","11:04:41","B"
173.9916667,-76.27666667,"c026","13-Mar-99","0:48:24","B"
174.9083333,-76.37666667,"c026","13-Mar-99","4:12:15","B"
174.2633333,-76.32333333,"c026","14-Mar-99","12:56:21","B"
174.1766667,-76.26666667,"c026","14-Mar-99","14:12:17","0"
174.315,-76.27833333,"c026","14-Mar-99","14:37:47","A"
174.3466667,-76.33666667,"c026","14-Mar-99","15:48:51","0"
170.8483333,-75.85166667,"c026","14-Mar-99","16:12:54","B"
174.18,-76.26166667,"c026","14-Mar-99","23:02:36","0"
173.9166667,-76.27666667,"c026","14-Mar-99","4:06:10","1"
174.2833333,-76.365,"c026","15-Mar-99","13:55:19","A"
174.325,-76.35333333,"c026","15-Mar-99","14:17:18","0"
174.995,-76.39666667,"c026","15-Mar-99","15:36:17","B"
173.9383333,-76.19166667,"c026","15-Mar-99","15:53:20","B"
173.405,-75.97333333,"c026","15-Mar-99","0:31:10","A"
173.9816667,-76.21166667,"c026","15-Mar-99","2:25:47","B"
174.4983333,-76.28333333,"c026","15-Mar-99","3:57:44","B"
174.2,-76.53166667,"c026","16-Mar-99","13:58:14","0"
174.3166667,-76.54,"c026","16-Mar-99","15:33:15","1"
174.335,-76.45166667,"c026","16-Mar-99","1:59:23","B"
176.5883333,-77.11166667,"c026","16-Mar-99","12:07:41","B"
173.53,-76.76833333,"c026","17-Mar-99","13:35:49","B"
174.42,-76.46833333,"c026","17-Mar-99","15:19:28","1"
174.7266667,-76.47666667,"c026","17-Mar-99","3:33:11","A"
174.6333333,-76.44666667,"c026","18-Mar-99","4:44:33","0"
173.8816667,-76.53333333,"c026","18-Mar-99","11:29:17","0"
172.2166667,-76.79166667,"c026","19-Mar-99","4:54:55","0"
172.6133333,-76.21333333,"c026","20-Mar-99","12:30:42","B"
174.0083333,-75.96833333,"c026","20-Mar-99","14:06:21","B"
173.3283333,-75.92166667,"c026","20-Mar-99","16:26:32","A"
173.16,-76.46166667,"c026","20-Mar-99","3:01:21","B"
174.1316667,-76.17666667,"c026","20-Mar-99","3:57:11","B"
174.0216667,-76.00666667,"c026","20-Mar-99","11:20:24","B"
174.0966667,-75.97333333,"c026","21-Mar-99","13:42:08","A"
174.1883333,-76.02166667,"c026","21-Mar-99","15:17:46","B"
174.5433333,-76.01166667,"c026","21-Mar-99","16:11:12","B"
173.5333333,-76.04,"c026","21-Mar-99","3:35:22","A"
174.1233333,-76.29333333,"c026","21-Mar-99","11:13:17","0"
174.1783333,-76.02333333,"c026","21-Mar-99","12:08:00","B"
175.1266667,-75.76666667,"c026","22-Mar-99","14:22:48","B"
174.9883333,-75.92833333,"c026","22-Mar-99","4:16:39","A"
175.8783333,-75.935,"c026","23-Mar-99","12:26:32","0"
175.435,-76.35166667,"c026","23-Mar-99","14:42:21","0"
175.625,-75.90833333,"c026","23-Mar-99","15:50:02","B"
175.9333333,-76.11666667,"c026","24-Mar-99","3:56:01","A"
174.0516667,-75.92166667,"c026","25-Mar-99","13:55:21","A"
173.8083333,-75.90333333,"c026","25-Mar-99","15:29:31","B"
174.3316667,-75.91333333,"c026","25-Mar-99","12:14:26","B"
174.4533333,-75.64833333,"c026","26-Mar-99","13:35:17","A"
174.5116667,-75.62166667,"c026","26-Mar-99","15:15:48","B"
175.2333333,-75.75833333,"c026","27-Mar-99","14:54:58","B"
177.8383333,-75.62666667,"c026","28-Mar-99","14:29:03","A"
176.6683333,-75.63833333,"c026","28-Mar-99","11:12:35","B"
178.985,-75.66666667,"c026","29-Mar-99","12:25:46","B"
179.1516667,-75.60666667,"c026","29-Mar-99","14:07:07","3"
179.145,-75.59833333,"c026","29-Mar-99","14:42:21","2"
179.14,-75.59666667,"c026","29-Mar-99","15:46:55","2"
181.28,-75.60833333,"c026","30-Mar-99","14:32:12","B"
181.2933333,-75.085,"c026","30-Mar-99","15:28:53","B"
189.9916667,-76.67333333,"c026","30-Mar-99","11:03:44","B"
182.6116667,-75.64666667,"c026","31-Mar-99","12:42:55","B"
181.7,-75.49333333,"c026","31-Mar-99","13:23:03","A"
181.5716667,-75.41166667,"c026","31-Mar-99","15:59:34","A"
181.93,-75.48,"c026","31-Mar-99","16:42:31","A"
178.8316667,-75.11333333,"c026","1-Apr-99","12:57:04","B"
179.0816667,-75.01333333,"c026","1-Apr-99","23:06:08","A"
179.0483333,-74.72166667,"c026","2-Apr-99","12:38:54","B"
177.9883333,-74.93666667,"c026","2-Apr-99","0:31:54","B"
179.365,-74.19833333,"c026","3-Apr-99","12:17:40","B"
179.5266667,-74.175,"c026","3-Apr-99","13:57:08","A"
182.6616667,-74.00166667,"c026","4-Apr-99","23:40:38","B"
181.7016667,-73.87833333,"c026","4-Apr-99","3:28:54","B"
182.5883333,-73.77166667,"c026","5-Apr-99","13:13:44","0"
182.52,-73.80333333,"c026","5-Apr-99","14:49:29","0"
182.365,-73.59666667,"c026","6-Apr-99","13:12:48","0"
182.1966667,-73.74833333,"c026","6-Apr-99","3:09:04","B"
182.3466667,-73.685,"c026","6-Apr-99","11:08:30","0"
181.1,-73.51166667,"c026","7-Apr-99","16:26:11","B"
181.2333333,-73.74,"c026","8-Apr-99","12:51:11","0"
181.3216667,-73.73666667,"c026","8-Apr-99","13:45:31","2"
181.2933333,-73.75833333,"c026","8-Apr-99","14:32:39","0"
181.9416667,-73.77166667,"c026","10-Apr-99","12:24:39","B"
179.7016667,-73.67833333,"c026","10-Apr-99","14:39:27","B"
179.7583333,-73.70333333,"c026","10-Apr-99","15:50:18","B"
179.5316667,-72.82666667,"c026","10-Apr-99","23:03:31","A"
179.6133333,-73.76333333,"c026","10-Apr-99","11:21:11","B"
179.0716667,-73.30833333,"c026","11-Apr-99","12:38:00","A"
178.5466667,-73.31333333,"c026","11-Apr-99","15:37:14","A"
179.005,-73.35666667,"c026","11-Apr-99","15:54:45","B"
178.3916667,-72.80333333,"c026","12-Apr-99","13:52:12","B"
178.1466667,-72.62166667,"c026","12-Apr-99","15:29:50","B"
181.9,-72.755,"c026","12-Apr-99","11:58:08","B"
176.4983333,-70.9,"c026","15-Apr-99","16:37:16","A"
175.4733333,-70.285,"c026","16-Apr-99","14:36:46","B"
175.8666667,-70.36,"c026","16-Apr-99","15:45:17","B"
174.6616667,-70.18166667,"c026","17-Apr-99","14:29:04","A"
173.7783333,-69.43666667,"c026","18-Apr-99","13:21:34","B"
173.8833333,-70.00666667,"c026","18-Apr-99","4:15:13","B"
173.8783333,-69.09666667,"c026","19-Apr-99","15:47:52","A"
173.8483333,-69.03166667,"c026","19-Apr-99","16:18:22","B"
173.9216667,-69.16666667,"c026","19-Apr-99","11:26:44","A"
173.915,-68.53333333,"c026","20-Apr-99","12:44:55","B"
174.155,-68.78666667,"c026","20-Apr-99","3:54:32","A"
173.51,-68.62333333,"c026","20-Apr-99","11:05:43","B"
172.215,-66.915,"c026","22-Apr-99","15:11:53","A"
171.9716667,-66.97833333,"c026","22-Apr-99","16:55:35","A"
171.8116667,-66.80166667,"c026","22-Apr-99","11:49:03","B"
170.545,-66.71666667,"c026","23-Apr-99","13:18:52","B"
169.1783333,-65.63666667,"c026","24-Apr-99","16:34:38","0"
169.8866667,-65.76,"c026","24-Apr-99","11:14:29","A"
168.0466667,-64.55166667,"c026","26-Apr-99","12:49:33","0"
167.815,-64.35333333,"c026","26-Apr-99","16:07:51","A"
166.655,-63.87166667,"c026","27-Apr-99","15:08:42","B"
165.0383333,-63.51166667,"c026","28-Apr-99","14:42:32","A"
164.3183333,-62.235,"c026","30-Apr-99","1:59:34","B"
163.5716667,-61.74166667,"c026","1-May-99","13:36:29","B"
163.3433333,-60.11333333,"c026","3-May-99","14:49:02","0"
162.8533333,-59.72833333,"c026","4-May-99","4:36:12","B"
163.0116667,-59.27833333,"c026","5-May-99","12:13:08","A"
162.6566667,-58.30166667,"c026","6-May-99","15:05:54","A"
162.65,-58.61166667,"c026","6-May-99","15:52:07","0"
162.215,-58.74666667,"c026","6-May-99","4:16:36","A"
161.0166667,-58.10166667,"c026","7-May-99","15:49:22","B"
162.73,-57.64833333,"c026","8-May-99","3:57:59","B"
162.21,-56.40166667,"c026","9-May-99","13:42:51","0"
162.0683333,-56.25166667,"c026","9-May-99","15:18:55","0"
161.1583333,-54.53833333,"c026","11-May-99","16:36:02","0"
160.1383333,-54.17333333,"c026","12-May-99","14:48:07","B"
161.0033333,-54.38666667,"c026","12-May-99","3:10:55","B"
160.0783333,-54.26166667,"c026","12-May-99","11:18:34","A"
158.9716667,-53.87166667,"c026","13-May-99","12:39:32","B"
158.7266667,-53.80166667,"c026","14-May-99","16:00:23","B"
156.4666667,-53.09666667,"c026","15-May-99","4:13:50","B"
159.4783333,-52.98166667,"c026","16-May-99","4:08:38","A"
160.5366667,-52.85666667,"c026","19-May-99","12:07:17","A"
159.8783333,-54,"c026","20-May-99","16:41:21","B"
165.9183333,-53.88333333,"c026","20-May-99","4:57:45","B"
159.4616667,-54.26833333,"c026","21-May-99","4:51:27","B"
159.725,-54.83166667,"c993","7-Jan-99","12:59:53","B"
160.1783333,-55.57666667,"c993","8-Jan-99","13:35:05","B"
160.2983333,-55.44166667,"c993","8-Jan-99","16:08:30","A"
159.8233333,-55.12833333,"c993","8-Jan-99","2:50:46","B"
160.8033333,-56.79166667,"c993","9-Jan-99","13:09:51","B"
161.8866667,-57.75833333,"c993","11-Jan-99","14:04:45","B"
162.1166667,-57.64,"c993","11-Jan-99","17:21:17","A"
161.71,-57.72666667,"c993","11-Jan-99","12:26:07","B"
162.0566667,-58.23333333,"c993","12-Jan-99","15:25:33","B"
162.3416667,-58.39666667,"c993","12-Jan-99","2:06:21","A"
162.4033333,-59.18333333,"c993","13-Jan-99","13:36:02","B"
163.9883333,-60.26166667,"c993","14-Jan-99","16:18:30","A"
162.8966667,-60.24,"c993","14-Jan-99","16:44:13","A"
163.095,-60.21666667,"c993","14-Jan-99","17:55:44","A"
161.9033333,-60.19333333,"c993","14-Jan-99","3:23:54","A"
162.6333333,-59.68166667,"c993","14-Jan-99","5:08:24","A"
162.695,-60.26833333,"c993","14-Jan-99","13:00:50","B"
163.3483333,-60.92833333,"c993","15-Jan-99","14:51:26","B"
162.6716667,-60.71,"c993","15-Jan-99","15:52:08","B"
165.1416667,-62.21833333,"c993","16-Jan-99","15:29:50","B"
164.2566667,-62.44666667,"c993","17-Jan-99","16:06:13","B"
163.5166667,-62.805,"c993","17-Jan-99","4:37:04","B"
164.9633333,-63.35333333,"c993","18-Jan-99","13:14:08","B"
164.6183333,-63.15833333,"c993","18-Jan-99","5:59:09","B"
165.105,-63.03333333,"c993","18-Jan-99","12:39:42","B"
167.7083333,-64.415,"c993","20-Jan-99","15:34:34","B"
168.7016667,-64.69166667,"c993","21-Jan-99","3:45:12","B"
170.3616667,-65.77833333,"c993","22-Jan-99","13:22:50","B"
170.8966667,-65.64833333,"c993","22-Jan-99","14:58:08","B"
170.345,-65.55666667,"c993","22-Jan-99","16:36:09","B"
173.1783333,-66.72166667,"c993","24-Jan-99","13:12:17","B"
173.3133333,-66.37,"c993","24-Jan-99","14:15:24","B"
171.4883333,-67.65166667,"c993","24-Jan-99","14:58:38","B"
173.5533333,-66.71166667,"c993","24-Jan-99","15:56:53","A"
176.0883333,-65.96666667,"c993","25-Jan-99","4:46:36","B"
175.795,-67.65833333,"c993","26-Jan-99","15:10:55","B"
175.1966667,-68.01666667,"c993","26-Jan-99","1:07:40","B"
176.2766667,-68.49333333,"c993","27-Jan-99","13:11:50","B"
173.945,-67.77333333,"c993","27-Jan-99","14:46:20","B"
176.4416667,-69.13333333,"c993","27-Jan-99","16:33:11","A"
177.4416667,-68.92666667,"c993","28-Jan-99","12:26:47","A"
177.4433333,-68.93833333,"c993","28-Jan-99","14:10:20","B"
177.2566667,-69.29166667,"c993","28-Jan-99","14:32:38","B"
175.2466667,-68.75666667,"c993","28-Jan-99","6:06:18","B"
181.945,-69.20666667,"c993","29-Jan-99","12:27:41","B"
181.8483333,-69.235,"c993","29-Jan-99","15:47:33","A"
179.3016667,-69.01,"c993","29-Jan-99","2:12:35","A"
182.32,-68.37333333,"c993","29-Jan-99","5:31:00","B"
181.4816667,-68.79166667,"c993","30-Jan-99","15:32:32","0"
184.88,-67.89666667,"c993","31-Jan-99","16:55:25","A"
183.5683333,-67.55166667,"c993","1-Feb-99","18:01:10","B"
186.3216667,-67.78333333,"c993","2-Feb-99","16:01:20","B"
186.9283333,-68.09166667,"c993","2-Feb-99","1:30:33","A"
187.2216667,-68.97,"c993","3-Feb-99","15:42:03","B"
187.1533333,-68.23666667,"c993","3-Feb-99","16:23:29","A"
176.4366667,-67.88666667,"c993","3-Feb-99","17:10:42","B"
186.0166667,-68.10333333,"c993","3-Feb-99","1:14:56","B"
187.4916667,-69.14166667,"c993","4-Feb-99","15:14:11","A"
187.8583333,-69.11333333,"c993","4-Feb-99","16:11:48","B"
187.0916667,-69.18666667,"c993","4-Feb-99","16:51:48","B"
186.34,-69.53,"c993","5-Feb-99","14:47:40","0"
186.7216667,-69.53166667,"c993","5-Feb-99","16:33:41","B"
186.2766667,-69.87833333,"c993","5-Feb-99","17:44:08","A"
189.2533333,-70.61333333,"c993","5-Feb-99","18:07:43","B"
181.1266667,-68.335,"c993","6-Feb-99","12:30:09","B"
184.2366667,-70.11666667,"c993","6-Feb-99","14:30:43","B"
186.055,-70.46666667,"c993","6-Feb-99","17:50:50","B"
185.4833333,-69.86333333,"c993","7-Feb-99","12:34:15","B"
184.0566667,-71.13,"c993","7-Feb-99","15:40:26","B"
184.5016667,-70.63833333,"c993","8-Feb-99","12:10:22","B"
184.7783333,-70.75166667,"c993","8-Feb-99","0:19:00","B"
183.125,-71.27833333,"c993","8-Feb-99","1:59:02","0"
183.3966667,-71.79833333,"c993","9-Feb-99","13:26:19","A"
173.8516667,-71.02166667,"c993","9-Feb-99","16:38:48","B"
187.855,-70.12166667,"c993","9-Feb-99","5:10:38","B"
177.7233333,-73.43166667,"c993","10-Feb-99","13:08:14","B"
192.2433333,-72.185,"c993","10-Feb-99","13:28:46","B"
182.2333333,-72.16333333,"c993","11-Feb-99","14:18:08","B"
181.77,-70.99333333,"c993","11-Feb-99","16:03:36","B"
186.6933333,-71.665,"c993","11-Feb-99","4:50:35","0"
182.4816667,-72.11166667,"c993","12-Feb-99","12:16:35","B"
194.7966667,-73.56333333,"c993","12-Feb-99","13:05:21","B"
178.01,-72.11166667,"c993","12-Feb-99","14:39:59","B"
181.71,-71.94666667,"c993","12-Feb-99","15:40:31","B"
183.09,-72.715,"c993","12-Feb-99","16:27:31","B"
172.8166667,-70.14833333,"c993","13-Feb-99","12:53:24","B"
181.3083333,-72.54333333,"c993","13-Feb-99","14:26:29","0"
177.1283333,-72.58333333,"c993","13-Feb-99","15:09:58","B"
182.7866667,-72.94333333,"c993","13-Feb-99","16:12:58","B"
182.5266667,-72.55833333,"c993","13-Feb-99","4:28:52","A"
198.9916667,-74.62333333,"c993","14-Feb-99","12:43:16","B"
186.4466667,-72.68333333,"c993","14-Feb-99","14:24:39","B"
182.89,-73.41,"c993","14-Feb-99","5:54:18","B"
182.8366667,-72.005,"c993","15-Feb-99","14:35:57","B"
183.8233333,-72.98333333,"c993","16-Feb-99","2:15:00","A"
183.855,-73.18666667,"c993","17-Feb-99","13:47:19","B"
181.2183333,-72.77833333,"c993","17-Feb-99","3:37:51","B"
183.97,-73.24333333,"c993","18-Feb-99","13:24:19","B"
182.8783333,-72.83166667,"c993","19-Feb-99","16:25:19","A"
182.9616667,-72.75166667,"c993","19-Feb-99","3:21:59","A"
182.5816667,-72.86333333,"c993","19-Feb-99","4:40:15","B"
179.4633333,-72.73666667,"c993","20-Feb-99","14:52:09","B"
182.3816667,-72.77833333,"c993","20-Feb-99","3:10:44","B"
182.4666667,-72.74166667,"c993","21-Feb-99","13:01:29","B"
182.025,-72.8,"c993","21-Feb-99","15:39:45","A"
174.6666667,-70.76333333,"c993","21-Feb-99","17:21:58","B"
182.0733333,-72.71833333,"c993","21-Feb-99","4:41:23","B"
182.7066667,-72.785,"c993","21-Feb-99","5:40:23","B"
182.4516667,-72.59333333,"c993","22-Feb-99","15:16:46","A"
182.7033333,-72.77833333,"c993","22-Feb-99","6:10:55","0"
182.2933333,-73.05666667,"c993","23-Feb-99","14:21:22","B"
178.8216667,-71.84166667,"c993","23-Feb-99","16:37:49","B"
183.4416667,-72.56166667,"c993","23-Feb-99","5:56:06","B"
181.26,-72.55333333,"c993","24-Feb-99","16:14:28","B"
182.985,-73.02833333,"c993","25-Feb-99","13:56:13","A"
182.72,-73.10166667,"c993","25-Feb-99","15:51:34","B"
182.9833333,-72.95,"c993","25-Feb-99","0:31:00","B"
185.2816667,-69.67333333,"c993","25-Feb-99","5:29:36","B"
182.1916667,-73.17166667,"c993","25-Feb-99","5:51:16","B"
181.145,-73.60166667,"c993","26-Feb-99","3:47:01","B"
193.0566667,-72.51333333,"c993","27-Feb-99","13:40:45","B"
182.695,-73.45166667,"c993","27-Feb-99","5:03:55","A"
182.6083333,-73.37833333,"c993","28-Feb-99","13:23:17","A"
191.0416667,-70.09166667,"c993","28-Feb-99","4:58:18","B"
182.9466667,-73.48333333,"c993","1-Mar-99","12:44:59","A"
181.02,-73.43666667,"c993","1-Mar-99","16:03:17","A"
182.6,-73.42666667,"c993","1-Mar-99","17:42:21","B"
173.6016667,-74.86833333,"c993","1-Mar-99","4:54:07","B"
183.915,-72.40166667,"c993","2-Mar-99","12:26:12","B"
181.89,-73.07166667,"c993","2-Mar-99","14:43:36","A"
182.9516667,-73.53833333,"c993","2-Mar-99","1:15:47","B"
173.7616667,-75.07666667,"c993","2-Mar-99","4:43:30","B"
176.1633333,-76.44833333,"c993","3-Mar-99","14:31:31","0"
178.3666667,-72.68333333,"c993","4-Mar-99","12:41:53","B"
167.6116667,-75.87833333,"c993","4-Mar-99","6:01:50","B"
181.0066667,-73.53333333,"c993","5-Mar-99","12:27:03","B"
182.2783333,-73.485,"c993","5-Mar-99","14:06:40","A"
181.6116667,-73.51333333,"c993","5-Mar-99","14:36:18","B"
182.27,-73.49833333,"c993","5-Mar-99","16:11:57","B"
179.99,-73.47166667,"c993","5-Mar-99","5:46:20","B"
181.2633333,-73.35333333,"c993","6-Mar-99","12:16:49","0"
181.3566667,-73.48666667,"c993","6-Mar-99","5:49:45","B"
183.9833333,-73.40833333,"c993","8-Mar-99","15:19:30","A"
179.7083333,-73.39833333,"c993","8-Mar-99","16:58:36","B"
181.905,-73.28833333,"c993","8-Mar-99","5:05:25","A"
181.9916667,-73.36666667,"c993","9-Mar-99","15:05:34","B"
181.7533333,-73.30666667,"c993","9-Mar-99","3:22:53","B"
181.885,-73.38833333,"c993","10-Mar-99","13:09:55","B"
181.3133333,-73.49666667,"c993","10-Mar-99","14:55:37","B"
179.8816667,-73.48833333,"c993","10-Mar-99","16:08:14","B"
179.9833333,-73.44666667,"c993","10-Mar-99","17:44:42","A"
181.4816667,-73.39166667,"c993","10-Mar-99","4:52:18","B"
181.8633333,-73.50833333,"c993","11-Mar-99","18:08:19","B"
181.3,-73.38,"c993","11-Mar-99","4:40:26","B"
182.7666667,-74.00166667,"c993","11-Mar-99","5:43:05","A"
183.9783333,-73.57166667,"c993","12-Mar-99","13:35:12","B"
181.1266667,-73.37333333,"c993","12-Mar-99","14:33:07","B"
182.9666667,-73.43666667,"c993","12-Mar-99","15:20:17","B"
181.0183333,-73.35833333,"c993","12-Mar-99","16:16:55","B"
182.2583333,-73.22333333,"c993","12-Mar-99","4:29:18","B"
182.7433333,-72.87166667,"c993","13-Mar-99","12:32:58","B"
182.12,-73.50333333,"c993","13-Mar-99","14:15:17","B"
183.915,-73.14166667,"c993","13-Mar-99","2:39:59","B"
182.82,-73.325,"c993","13-Mar-99","5:56:42","B"
182.71,-73.32333333,"c993","14-Mar-99","14:06:25","A"
181.1766667,-73.665,"c993","14-Mar-99","14:38:58","B"
179.5983333,-73.67666667,"c993","14-Mar-99","15:55:25","B"
177.7816667,-73.81833333,"c993","15-Mar-99","12:40:57","B"
181.38,-73.50833333,"c993","15-Mar-99","2:06:33","B"
179.0466667,-73.32666667,"c993","16-Mar-99","13:49:02","B"
181.0116667,-73.39666667,"c993","16-Mar-99","15:27:36","1"
183.335,-72.89166667,"c993","16-Mar-99","3:45:59","B"
181.2966667,-73.26333333,"c993","17-Mar-99","16:49:33","A"
179.9116667,-73.37166667,"c993","18-Mar-99","15:08:14","0"
184.1716667,-73.74,"c993","18-Mar-99","18:05:56","A"
179.8766667,-73.19333333,"c993","20-Mar-99","14:43:38","A"
181.5783333,-73.18666667,"c993","20-Mar-99","16:22:37","A"
181.0966667,-73.015,"c993","20-Mar-99","3:02:05","B"
179.87,-73.38333333,"c993","20-Mar-99","4:37:34","B"
181.0033333,-73.82666667,"c993","21-Mar-99","14:25:11","B"
181.9966667,-73.615,"c993","21-Mar-99","15:27:00","B"
181.8183333,-73.29166667,"c993","21-Mar-99","16:14:36","B"
181.3566667,-73.205,"c993","21-Mar-99","1:08:05","B"
179.255,-73.3,"c993","21-Mar-99","4:28:43","A"
181.71,-73.47166667,"c993","21-Mar-99","5:17:14","B"
183.86,-74.43333333,"c993","22-Mar-99","14:13:59","B"
181.2933333,-73.29,"c993","22-Mar-99","0:55:32","B"
181.1766667,-73.30666667,"c993","22-Mar-99","2:35:11","B"
181.2333333,-73.35166667,"c993","23-Mar-99","12:25:19","0"
179.7333333,-73.62166667,"c993","23-Mar-99","15:54:09","B"
182.4466667,-73.85166667,"c993","24-Mar-99","12:17:33","A"
179.4933333,-72.08666667,"c993","24-Mar-99","12:32:47","0"
176.8066667,-73.58166667,"c993","24-Mar-99","14:00:31","B"
181.9333333,-73.90166667,"c993","24-Mar-99","14:19:12","B"
178.9233333,-73.65666667,"c993","25-Mar-99","13:48:44","B"
181.9116667,-73.635,"c993","25-Mar-99","17:11:37","A"
179.9716667,-73.625,"c993","25-Mar-99","1:58:47","0"
181.8683333,-73.615,"c993","25-Mar-99","5:33:11","A"
182.9366667,-73.41833333,"c993","26-Mar-99","13:36:37","B"
182.5783333,-73.34333333,"c993","27-Mar-99","13:20:21","A"
182.7933333,-73.34666667,"c993","27-Mar-99","1:35:20","B"
183.9333333,-73.60166667,"c993","28-Mar-99","13:07:56","B"
179.7033333,-73.38333333,"c993","29-Mar-99","12:26:10","B"
184.5633333,-73.90333333,"c993","29-Mar-99","12:58:53","B"
179.3116667,-72.97666667,"c993","29-Mar-99","14:03:23","B"
179.9933333,-73.26166667,"c993","30-Mar-99","13:41:12","B"
178.7366667,-73.49333333,"c993","30-Mar-99","14:33:51","B"
182.215,-73.68833333,"c993","30-Mar-99","17:03:53","A"
176.6083333,-73.685,"c993","31-Mar-99","14:26:04","B"
179.3083333,-73.125,"c993","31-Mar-99","15:03:43","A"
179.5083333,-73.14666667,"c993","31-Mar-99","16:40:34","0"
179.6616667,-72.84833333,"c993","1-Apr-99","14:07:11","B"
181.7983333,-73.005,"c993","1-Apr-99","16:18:13","A"
181.9883333,-73.02,"c993","1-Apr-99","2:24:46","B"
181.6433333,-73.22666667,"c993","1-Apr-99","3:58:28","B"
182.38,-72.77333333,"c993","2-Apr-99","15:36:18","0"
182.865,-72.98166667,"c993","2-Apr-99","2:10:21","B"
181.535,-72.82666667,"c993","3-Apr-99","12:20:06","B"
181.3816667,-72.76333333,"c993","3-Apr-99","15:24:26","A"
181.2733333,-72.86833333,"c993","4-Apr-99","13:36:18","B"
182.815,-72.76166667,"c993","4-Apr-99","15:15:05","B"
182.1433333,-72.95833333,"c993","4-Apr-99","16:54:52","B"
183.9066667,-72.56166667,"c993","4-Apr-99","3:34:50","0"
182.4433333,-72.555,"c993","5-Apr-99","13:11:00","A"
182.2066667,-72.73666667,"c993","5-Apr-99","14:51:55","A"
183.2816667,-73.04333333,"c993","5-Apr-99","16:32:06","B"
181.8033333,-73.06,"c993","5-Apr-99","4:49:08","A"
182.0066667,-72.32166667,"c993","7-Apr-99","14:05:56","0"
183.8583333,-72.79666667,"c993","7-Apr-99","15:49:13","B"
182.2383333,-72.16,"c993","8-Apr-99","13:41:53","0"
182.1633333,-72.29666667,"c993","8-Apr-99","14:28:05","B"
175.9,-71.63333333,"c993","8-Apr-99","16:59:58","B"
181.0716667,-72.81666667,"c993","9-Apr-99","5:58:36","B"
181.3116667,-72.73333333,"c993","10-Apr-99","13:05:36","B"
182.9183333,-72.54,"c993","10-Apr-99","14:05:55","A"
179.9016667,-72.18,"c993","10-Apr-99","16:18:01","A"
181.1883333,-72.54833333,"c993","10-Apr-99","17:34:16","A"
181.2383333,-72.46,"c993","10-Apr-99","17:59:22","A"
183.9,-72.47833333,"c993","10-Apr-99","2:20:25","A"
182.2483333,-72.75666667,"c993","10-Apr-99","4:42:06","B"
181.6083333,-72.26666667,"c993","11-Apr-99","12:17:39","0"
181.5666667,-72.155,"c993","11-Apr-99","15:55:29","B"
181.6933333,-72.64666667,"c993","11-Apr-99","4:11:49","B"
181.1616667,-72.53,"c993","11-Apr-99","5:33:52","A"
181.1366667,-71.77833333,"c993","12-Apr-99","13:41:55","B"
181.355,-71.50833333,"c993","12-Apr-99","17:04:15","B"
187.01,-71.62833333,"c993","14-Apr-99","13:18:56","B"
181.7733333,-69.62666667,"c993","14-Apr-99","14:57:07","B"
179.0566667,-69.20833333,"c993","16-Apr-99","12:30:07","A"
181.3733333,-69.9,"c993","16-Apr-99","17:30:34","B"
176.37,-67.945,"c993","18-Apr-99","12:37:36","B"
173.92,-66.59666667,"c993","19-Apr-99","13:04:56","A"
176.1483333,-66.83166667,"c993","19-Apr-99","15:49:20","A"
174.6016667,-66.57833333,"c993","19-Apr-99","16:20:47","B"
174.805,-67.11666667,"c993","19-Apr-99","5:45:39","A"
173.0616667,-64.74166667,"c993","21-Apr-99","15:18:38","B"
171.6166667,-63.79333333,"c993","23-Apr-99","13:15:22","A"
171.1433333,-62.835,"c993","24-Apr-99","13:04:44","B"
